periodyear,naicstitle,planning.region,wage.type,wages
2018,"Total, All Industries",Central Minnesota,totwageYear,12090968947
2018,Crop Production,Central Minnesota,totwageYear,37675204
2018,Animal Production and Aquaculture,Central Minnesota,totwageYear,99662283
2018,Support Activities for Crop Production,Central Minnesota,totwageYear,9894125
2018,Support Activities for Animal Production,Central Minnesota,totwageYear,7356990
2018,Food Manufacturing,Central Minnesota,totwageYear,427110744
2018,Agricultural Implement Manufacturing,Central Minnesota,totwageYear,33261465
2018,Farm Product Raw Material Merchant Wholesalers,Central Minnesota,totwageYear,19785874
2018,Farm Supplies Merchant Wholesalers,Central Minnesota,totwageYear,59303948
2017,"Total, All Industries",Central Minnesota,totwageYear,11643960765
2017,Crop Production,Central Minnesota,totwageYear,36743997
2017,Animal Production and Aquaculture,Central Minnesota,totwageYear,94657999
2017,Support Activities for Crop Production,Central Minnesota,totwageYear,8906905
2017,Support Activities for Animal Production,Central Minnesota,totwageYear,6272639
2017,Food Manufacturing,Central Minnesota,totwageYear,402026887
2017,Agricultural Implement Manufacturing,Central Minnesota,totwageYear,29965551
2017,Farm Product Raw Material Merchant Wholesalers,Central Minnesota,totwageYear,19994337
2017,Farm Supplies Merchant Wholesalers,Central Minnesota,totwageYear,58623411
2016,"Total, All Industries",Central Minnesota,totwageYear,11095685006
2016,Crop Production,Central Minnesota,totwageYear,35476672
2016,Animal Production and Aquaculture,Central Minnesota,totwageYear,86475386
2016,Support Activities for Crop Production,Central Minnesota,totwageYear,9038437
2016,Support Activities for Animal Production,Central Minnesota,totwageYear,5763439
2016,Food Manufacturing,Central Minnesota,totwageYear,362840014
2016,Agricultural Implement Manufacturing,Central Minnesota,totwageYear,33479431
2016,Farm Product Raw Material Merchant Wholesalers,Central Minnesota,totwageYear,17724208
2016,Farm Supplies Merchant Wholesalers,Central Minnesota,totwageYear,51750045
2015,"Total, All Industries",Central Minnesota,totwageYear,10708380953
2015,Crop Production,Central Minnesota,totwageYear,33846660
2015,Animal Production and Aquaculture,Central Minnesota,totwageYear,90361564
2015,Support Activities for Crop Production,Central Minnesota,totwageYear,7594600
2015,Support Activities for Animal Production,Central Minnesota,totwageYear,5762986
2015,Food Manufacturing,Central Minnesota,totwageYear,342010124
2015,Agricultural Implement Manufacturing,Central Minnesota,totwageYear,33636828
2015,Farm Product Raw Material Merchant Wholesalers,Central Minnesota,totwageYear,18110001
2015,Farm Supplies Merchant Wholesalers,Central Minnesota,totwageYear,48540331
2014,"Total, All Industries",Central Minnesota,totwageYear,10043669705
2014,Crop Production,Central Minnesota,totwageYear,32513993
2014,Animal Production and Aquaculture,Central Minnesota,totwageYear,86188198
2014,Support Activities for Crop Production,Central Minnesota,totwageYear,7253779
2014,Support Activities for Animal Production,Central Minnesota,totwageYear,1220363
2014,Food Manufacturing,Central Minnesota,totwageYear,329854996
2014,Agricultural Implement Manufacturing,Central Minnesota,totwageYear,32703759
2014,Farm Product Raw Material Merchant Wholesalers,Central Minnesota,totwageYear,18564031
2014,Farm Supplies Merchant Wholesalers,Central Minnesota,totwageYear,48292508
2013,"Total, All Industries",Central Minnesota,totwageYear,9585173084
2013,Crop Production,Central Minnesota,totwageYear,31116176
2013,Animal Production and Aquaculture,Central Minnesota,totwageYear,82978381
2013,Support Activities for Crop Production,Central Minnesota,totwageYear,6572283
2013,Support Activities for Animal Production,Central Minnesota,totwageYear,3391039
2013,Food Manufacturing,Central Minnesota,totwageYear,307600880
2013,Agricultural Implement Manufacturing,Central Minnesota,totwageYear,28053203
2013,Farm Product Raw Material Merchant Wholesalers,Central Minnesota,totwageYear,18202263
2013,Farm Supplies Merchant Wholesalers,Central Minnesota,totwageYear,44552359
2012,"Total, All Industries",Central Minnesota,totwageYear,9266080494
2012,Crop Production,Central Minnesota,totwageYear,29505464
2012,Animal Production and Aquaculture,Central Minnesota,totwageYear,80931249
2012,Support Activities for Crop Production,Central Minnesota,totwageYear,6730420
2012,Support Activities for Animal Production,Central Minnesota,totwageYear,845391
2012,Food Manufacturing,Central Minnesota,totwageYear,288049127
2012,Agricultural Implement Manufacturing,Central Minnesota,totwageYear,26310455
2012,Farm Product Raw Material Merchant Wholesalers,Central Minnesota,totwageYear,16670882
2012,Farm Supplies Merchant Wholesalers,Central Minnesota,totwageYear,42043443
2011,"Total, All Industries",Central Minnesota,totwageYear,8863710691
2011,Crop Production,Central Minnesota,totwageYear,27056983
2011,Animal Production and Aquaculture,Central Minnesota,totwageYear,75655070
2011,Support Activities for Crop Production,Central Minnesota,totwageYear,6845242
2011,Support Activities for Animal Production,Central Minnesota,totwageYear,810422.3333333334
2011,Food Manufacturing,Central Minnesota,totwageYear,291938888
2011,Agricultural Implement Manufacturing,Central Minnesota,totwageYear,5689945.333333333
2011,Farm Product Raw Material Merchant Wholesalers,Central Minnesota,totwageYear,14707010
2011,Farm Supplies Merchant Wholesalers,Central Minnesota,totwageYear,38657069
2010,"Total, All Industries",Central Minnesota,totwageYear,8478197639
2010,Crop Production,Central Minnesota,totwageYear,26700931
2010,Animal Production and Aquaculture,Central Minnesota,totwageYear,69194760
2010,Support Activities for Crop Production,Central Minnesota,totwageYear,6550257
2010,Support Activities for Animal Production,Central Minnesota,totwageYear,747605.5
2010,Food Manufacturing,Central Minnesota,totwageYear,283330458
2010,Agricultural Implement Manufacturing,Central Minnesota,totwageYear,19035995
2010,Farm Product Raw Material Merchant Wholesalers,Central Minnesota,totwageYear,14948984
2010,Farm Supplies Merchant Wholesalers,Central Minnesota,totwageYear,37591256
2009,"Total, All Industries",Central Minnesota,totwageYear,8409122956
2009,Crop Production,Central Minnesota,totwageYear,23604303
2009,Animal Production and Aquaculture,Central Minnesota,totwageYear,68127094
2009,Support Activities for Crop Production,Central Minnesota,totwageYear,6598021
2009,Food Manufacturing,Central Minnesota,totwageYear,270318451
2009,Agricultural Implement Manufacturing,Central Minnesota,totwageYear,15479388
2009,Farm Product Raw Material Merchant Wholesalers,Central Minnesota,totwageYear,14835546
2009,Farm Supplies Merchant Wholesalers,Central Minnesota,totwageYear,37649744
2008,"Total, All Industries",Central Minnesota,totwageYear,8705724661
2008,Crop Production,Central Minnesota,totwageYear,23646497
2008,Animal Production and Aquaculture,Central Minnesota,totwageYear,63741135
2008,Support Activities for Crop Production,Central Minnesota,totwageYear,1685075.6666666667
2008,Support Activities for Animal Production,Central Minnesota,totwageYear,788837
2008,Food Manufacturing,Central Minnesota,totwageYear,266222616
2008,Agricultural Implement Manufacturing,Central Minnesota,totwageYear,13368518
2008,Farm Product Raw Material Merchant Wholesalers,Central Minnesota,totwageYear,15022786
2008,Farm Supplies Merchant Wholesalers,Central Minnesota,totwageYear,37576861
2007,"Total, All Industries",Central Minnesota,totwageYear,8535882323
2007,Crop Production,Central Minnesota,totwageYear,23106444
2007,Animal Production and Aquaculture,Central Minnesota,totwageYear,60171879
2007,Support Activities for Crop Production,Central Minnesota,totwageYear,5029419
2007,Food Manufacturing,Central Minnesota,totwageYear,252463229
2007,Agricultural Implement Manufacturing,Central Minnesota,totwageYear,11352599
2007,Farm Product Raw Material Merchant Wholesalers,Central Minnesota,totwageYear,13948500
2007,Farm Supplies Merchant Wholesalers,Central Minnesota,totwageYear,35095679
2006,"Total, All Industries",Central Minnesota,totwageYear,8184120772
2006,Crop Production,Central Minnesota,totwageYear,21390053
2006,Animal Production and Aquaculture,Central Minnesota,totwageYear,56713272
2006,Support Activities for Crop Production,Central Minnesota,totwageYear,5328307
2006,Support Activities for Animal Production,Central Minnesota,totwageYear,696407.3333333334
2006,Food Manufacturing,Central Minnesota,totwageYear,244769023
2006,Agricultural Implement Manufacturing,Central Minnesota,totwageYear,12432200
2006,Farm Product Raw Material Merchant Wholesalers,Central Minnesota,totwageYear,15288483
2006,Farm Supplies Merchant Wholesalers,Central Minnesota,totwageYear,31056115
2005,"Total, All Industries",Central Minnesota,totwageYear,7732387558
2005,Crop Production,Central Minnesota,totwageYear,19124999
2005,Animal Production and Aquaculture,Central Minnesota,totwageYear,53216047
2005,Support Activities for Crop Production,Central Minnesota,totwageYear,6670550
2005,Food Manufacturing,Central Minnesota,totwageYear,237189608
2005,Agricultural Implement Manufacturing,Central Minnesota,totwageYear,12191110
2005,Farm Product Raw Material Merchant Wholesalers,Central Minnesota,totwageYear,11914685
2005,Farm Supplies Merchant Wholesalers,Central Minnesota,totwageYear,30431195
2004,"Total, All Industries",Central Minnesota,totwageYear,7568404580
2004,Crop Production,Central Minnesota,totwageYear,19838788
2004,Animal Production and Aquaculture,Central Minnesota,totwageYear,51421550
2004,Support Activities for Crop Production,Central Minnesota,totwageYear,7350550
2004,Food Manufacturing,Central Minnesota,totwageYear,234397236
2004,Agricultural Implement Manufacturing,Central Minnesota,totwageYear,11347067
2004,Farm Product Raw Material Merchant Wholesalers,Central Minnesota,totwageYear,9634094
2004,Farm Supplies Merchant Wholesalers,Central Minnesota,totwageYear,36788721
2003,"Total, All Industries",Central Minnesota,totwageYear,7131881798
2003,Crop Production,Central Minnesota,totwageYear,20692577
2003,Animal Production and Aquaculture,Central Minnesota,totwageYear,48663687
2003,Support Activities for Crop Production,Central Minnesota,totwageYear,6470908
2003,Food Manufacturing,Central Minnesota,totwageYear,220734138
2003,Agricultural Implement Manufacturing,Central Minnesota,totwageYear,10738126
2003,Farm Product Raw Material Merchant Wholesalers,Central Minnesota,totwageYear,9858207
2003,Farm Supplies Merchant Wholesalers,Central Minnesota,totwageYear,33168235
2002,"Total, All Industries",Central Minnesota,totwageYear,6869527975
2002,Crop Production,Central Minnesota,totwageYear,20250299
2002,Animal Production and Aquaculture,Central Minnesota,totwageYear,50322360
2002,Support Activities for Crop Production,Central Minnesota,totwageYear,6395601
2002,Food Manufacturing,Central Minnesota,totwageYear,208242615
2002,Agricultural Implement Manufacturing,Central Minnesota,totwageYear,11152878
2002,Farm Product Raw Material Merchant Wholesalers,Central Minnesota,totwageYear,10111057
2002,Farm Supplies Merchant Wholesalers,Central Minnesota,totwageYear,32146221
2001,"Total, All Industries",Central Minnesota,totwageYear,6511167239
2001,Crop Production,Central Minnesota,totwageYear,18909563
2001,Animal Production and Aquaculture,Central Minnesota,totwageYear,47241000
2001,Support Activities for Crop Production,Central Minnesota,totwageYear,6098106
2001,Food Manufacturing,Central Minnesota,totwageYear,194504219
2001,Agricultural Implement Manufacturing,Central Minnesota,totwageYear,17476065
2001,Farm Product Raw Material Merchant Wholesalers,Central Minnesota,totwageYear,10309467
2001,Farm Supplies Merchant Wholesalers,Central Minnesota,totwageYear,29525245
2018,"Total, All Industries",Northeast Minnesota,totwageYear,6488391239
2018,Crop Production,Northeast Minnesota,totwageYear,1072778
2018,Animal Production and Aquaculture,Northeast Minnesota,totwageYear,498487
2018,Food Manufacturing,Northeast Minnesota,totwageYear,14691338
2017,"Total, All Industries",Northeast Minnesota,totwageYear,6190440106
2017,Crop Production,Northeast Minnesota,totwageYear,1131766
2017,Animal Production and Aquaculture,Northeast Minnesota,totwageYear,551034
2017,Food Manufacturing,Northeast Minnesota,totwageYear,2840280.3333333335
2016,"Total, All Industries",Northeast Minnesota,totwageYear,5932070230
2016,Crop Production,Northeast Minnesota,totwageYear,1309243
2016,Animal Production and Aquaculture,Northeast Minnesota,totwageYear,587556
2016,Food Manufacturing,Northeast Minnesota,totwageYear,12517455
2015,"Total, All Industries",Northeast Minnesota,totwageYear,5968500282
2015,Crop Production,Northeast Minnesota,totwageYear,1474676
2015,Animal Production and Aquaculture,Northeast Minnesota,totwageYear,717421
2015,Food Manufacturing,Northeast Minnesota,totwageYear,9607488
2014,"Total, All Industries",Northeast Minnesota,totwageYear,5738851893
2014,Crop Production,Northeast Minnesota,totwageYear,1117034
2014,Animal Production and Aquaculture,Northeast Minnesota,totwageYear,829060
2014,Food Manufacturing,Northeast Minnesota,totwageYear,9923709
2013,"Total, All Industries",Northeast Minnesota,totwageYear,5546421775
2013,Crop Production,Northeast Minnesota,totwageYear,1124231
2013,Animal Production and Aquaculture,Northeast Minnesota,totwageYear,275781.3333333333
2013,Food Manufacturing,Northeast Minnesota,totwageYear,12230317
2012,"Total, All Industries",Northeast Minnesota,totwageYear,5328664650
2012,Crop Production,Northeast Minnesota,totwageYear,1291367
2012,Animal Production and Aquaculture,Northeast Minnesota,totwageYear,938217
2012,Food Manufacturing,Northeast Minnesota,totwageYear,13431323
2011,"Total, All Industries",Northeast Minnesota,totwageYear,5232547921
2011,Crop Production,Northeast Minnesota,totwageYear,1382947
2011,Animal Production and Aquaculture,Northeast Minnesota,totwageYear,827084
2011,Support Activities for Animal Production,Northeast Minnesota,totwageYear,22897
2011,Food Manufacturing,Northeast Minnesota,totwageYear,28717832
2010,"Total, All Industries",Northeast Minnesota,totwageYear,5037180762
2010,Crop Production,Northeast Minnesota,totwageYear,1259744
2010,Animal Production and Aquaculture,Northeast Minnesota,totwageYear,219754.33333333334
2010,Support Activities for Crop Production,Northeast Minnesota,totwageYear,66260
2010,Support Activities for Animal Production,Northeast Minnesota,totwageYear,22838
2010,Food Manufacturing,Northeast Minnesota,totwageYear,10457736
2010,Farm Supplies Merchant Wholesalers,Northeast Minnesota,totwageYear,193094
2009,"Total, All Industries",Northeast Minnesota,totwageYear,4896224630
2009,Crop Production,Northeast Minnesota,totwageYear,1365641
2009,Animal Production and Aquaculture,Northeast Minnesota,totwageYear,72546.5
2009,Support Activities for Animal Production,Northeast Minnesota,totwageYear,28000.5
2009,Food Manufacturing,Northeast Minnesota,totwageYear,10950465
2009,Farm Supplies Merchant Wholesalers,Northeast Minnesota,totwageYear,58484
2008,"Total, All Industries",Northeast Minnesota,totwageYear,5123829515
2008,Crop Production,Northeast Minnesota,totwageYear,1556400
2008,Animal Production and Aquaculture,Northeast Minnesota,totwageYear,384804.3333333333
2008,Support Activities for Animal Production,Northeast Minnesota,totwageYear,17833.333333333332
2008,Food Manufacturing,Northeast Minnesota,totwageYear,15925293
2008,Farm Product Raw Material Merchant Wholesalers,Northeast Minnesota,totwageYear,370453.3333333333
2007,"Total, All Industries",Northeast Minnesota,totwageYear,4967156348
2007,Crop Production,Northeast Minnesota,totwageYear,279002.5
2007,Support Activities for Animal Production,Northeast Minnesota,totwageYear,14970
2007,Food Manufacturing,Northeast Minnesota,totwageYear,13099741
2007,Farm Product Raw Material Merchant Wholesalers,Northeast Minnesota,totwageYear,535096.3333333334
2007,Farm Supplies Merchant Wholesalers,Northeast Minnesota,totwageYear,58300
2006,"Total, All Industries",Northeast Minnesota,totwageYear,4731915256
2006,Crop Production,Northeast Minnesota,totwageYear,475590
2006,Animal Production and Aquaculture,Northeast Minnesota,totwageYear,589419
2006,Support Activities for Animal Production,Northeast Minnesota,totwageYear,16909.333333333332
2006,Food Manufacturing,Northeast Minnesota,totwageYear,13109285
2006,Farm Product Raw Material Merchant Wholesalers,Northeast Minnesota,totwageYear,389222
2006,Farm Supplies Merchant Wholesalers,Northeast Minnesota,totwageYear,719097
2005,"Total, All Industries",Northeast Minnesota,totwageYear,4545837481
2005,Support Activities for Animal Production,Northeast Minnesota,totwageYear,15772
2005,Food Manufacturing,Northeast Minnesota,totwageYear,14871602
2005,Farm Product Raw Material Merchant Wholesalers,Northeast Minnesota,totwageYear,623085.5
2004,"Total, All Industries",Northeast Minnesota,totwageYear,4488386712
2004,Crop Production,Northeast Minnesota,totwageYear,1843559
2004,Support Activities for Crop Production,Northeast Minnesota,totwageYear,89483
2004,Food Manufacturing,Northeast Minnesota,totwageYear,17797916
2004,Farm Product Raw Material Merchant Wholesalers,Northeast Minnesota,totwageYear,663111
2004,Farm Supplies Merchant Wholesalers,Northeast Minnesota,totwageYear,752020
2003,"Total, All Industries",Northeast Minnesota,totwageYear,4264350905
2003,Crop Production,Northeast Minnesota,totwageYear,1620112
2003,Food Manufacturing,Northeast Minnesota,totwageYear,19523333
2003,Farm Supplies Merchant Wholesalers,Northeast Minnesota,totwageYear,174393.33333333334
2002,"Total, All Industries",Northeast Minnesota,totwageYear,4208621545
2002,Crop Production,Northeast Minnesota,totwageYear,1526012
2002,Animal Production and Aquaculture,Northeast Minnesota,totwageYear,98738
2002,Support Activities for Crop Production,Northeast Minnesota,totwageYear,141883
2002,Food Manufacturing,Northeast Minnesota,totwageYear,18259344
2002,Farm Supplies Merchant Wholesalers,Northeast Minnesota,totwageYear,785545
2001,"Total, All Industries",Northeast Minnesota,totwageYear,4065299084
2001,Crop Production,Northeast Minnesota,totwageYear,1636022
2001,Animal Production and Aquaculture,Northeast Minnesota,totwageYear,125858.5
2001,Food Manufacturing,Northeast Minnesota,totwageYear,21359641
2001,Farm Supplies Merchant Wholesalers,Northeast Minnesota,totwageYear,223806
2018,"Total, All Industries",Northwest Minnesota,totwageYear,9084952448
2018,Crop Production,Northwest Minnesota,totwageYear,86182818
2018,Animal Production and Aquaculture,Northwest Minnesota,totwageYear,88820135
2018,Support Activities for Crop Production,Northwest Minnesota,totwageYear,24936498
2018,Support Activities for Animal Production,Northwest Minnesota,totwageYear,755395
2018,Food Manufacturing,Northwest Minnesota,totwageYear,300091352
2018,Agricultural Implement Manufacturing,Northwest Minnesota,totwageYear,19529596
2018,Farm Product Raw Material Merchant Wholesalers,Northwest Minnesota,totwageYear,72287502
2018,Farm Supplies Merchant Wholesalers,Northwest Minnesota,totwageYear,52573732
2017,"Total, All Industries",Northwest Minnesota,totwageYear,8691524714
2017,Crop Production,Northwest Minnesota,totwageYear,85862479
2017,Animal Production and Aquaculture,Northwest Minnesota,totwageYear,87313974
2017,Support Activities for Crop Production,Northwest Minnesota,totwageYear,21517093
2017,Support Activities for Animal Production,Northwest Minnesota,totwageYear,737366
2017,Food Manufacturing,Northwest Minnesota,totwageYear,289487556
2017,Agricultural Implement Manufacturing,Northwest Minnesota,totwageYear,20658898
2017,Farm Product Raw Material Merchant Wholesalers,Northwest Minnesota,totwageYear,69234902
2017,Farm Supplies Merchant Wholesalers,Northwest Minnesota,totwageYear,51950824
2016,"Total, All Industries",Northwest Minnesota,totwageYear,8333921031
2016,Crop Production,Northwest Minnesota,totwageYear,82077483
2016,Animal Production and Aquaculture,Northwest Minnesota,totwageYear,72940763
2016,Support Activities for Crop Production,Northwest Minnesota,totwageYear,21234054
2016,Support Activities for Animal Production,Northwest Minnesota,totwageYear,677368
2016,Food Manufacturing,Northwest Minnesota,totwageYear,272118607
2016,Agricultural Implement Manufacturing,Northwest Minnesota,totwageYear,19969776
2016,Farm Product Raw Material Merchant Wholesalers,Northwest Minnesota,totwageYear,76102920
2016,Farm Supplies Merchant Wholesalers,Northwest Minnesota,totwageYear,33361137
2015,"Total, All Industries",Northwest Minnesota,totwageYear,8069690920
2015,Crop Production,Northwest Minnesota,totwageYear,78116543
2015,Animal Production and Aquaculture,Northwest Minnesota,totwageYear,71828882
2015,Support Activities for Crop Production,Northwest Minnesota,totwageYear,20378746
2015,Support Activities for Animal Production,Northwest Minnesota,totwageYear,1425560
2015,Food Manufacturing,Northwest Minnesota,totwageYear,256599778
2015,Agricultural Implement Manufacturing,Northwest Minnesota,totwageYear,11214711
2015,Farm Product Raw Material Merchant Wholesalers,Northwest Minnesota,totwageYear,77114228
2015,Farm Supplies Merchant Wholesalers,Northwest Minnesota,totwageYear,34662774
2014,"Total, All Industries",Northwest Minnesota,totwageYear,7749530943
2014,Crop Production,Northwest Minnesota,totwageYear,73061932
2014,Animal Production and Aquaculture,Northwest Minnesota,totwageYear,65208340
2014,Support Activities for Crop Production,Northwest Minnesota,totwageYear,19674537
2014,Support Activities for Animal Production,Northwest Minnesota,totwageYear,1254844
2014,Food Manufacturing,Northwest Minnesota,totwageYear,244835416
2014,Agricultural Implement Manufacturing,Northwest Minnesota,totwageYear,10343408
2014,Farm Product Raw Material Merchant Wholesalers,Northwest Minnesota,totwageYear,74313610
2014,Farm Supplies Merchant Wholesalers,Northwest Minnesota,totwageYear,39004147
2013,"Total, All Industries",Northwest Minnesota,totwageYear,7388984292
2013,Crop Production,Northwest Minnesota,totwageYear,69308118
2013,Animal Production and Aquaculture,Northwest Minnesota,totwageYear,57001200
2013,Support Activities for Crop Production,Northwest Minnesota,totwageYear,19105456
2013,Support Activities for Animal Production,Northwest Minnesota,totwageYear,1034600
2013,Food Manufacturing,Northwest Minnesota,totwageYear,240612309
2013,Agricultural Implement Manufacturing,Northwest Minnesota,totwageYear,9510910
2013,Farm Product Raw Material Merchant Wholesalers,Northwest Minnesota,totwageYear,67776747
2013,Farm Supplies Merchant Wholesalers,Northwest Minnesota,totwageYear,36050135
2012,"Total, All Industries",Northwest Minnesota,totwageYear,7110350820
2012,Crop Production,Northwest Minnesota,totwageYear,61755054
2012,Animal Production and Aquaculture,Northwest Minnesota,totwageYear,56476116
2012,Support Activities for Crop Production,Northwest Minnesota,totwageYear,17665380
2012,Support Activities for Animal Production,Northwest Minnesota,totwageYear,306294.6666666667
2012,Food Manufacturing,Northwest Minnesota,totwageYear,241897794
2012,Agricultural Implement Manufacturing,Northwest Minnesota,totwageYear,8833807
2012,Farm Product Raw Material Merchant Wholesalers,Northwest Minnesota,totwageYear,64315033
2012,Farm Supplies Merchant Wholesalers,Northwest Minnesota,totwageYear,34512998
2011,"Total, All Industries",Northwest Minnesota,totwageYear,6781993502
2011,Crop Production,Northwest Minnesota,totwageYear,54265270
2011,Animal Production and Aquaculture,Northwest Minnesota,totwageYear,49395409
2011,Support Activities for Crop Production,Northwest Minnesota,totwageYear,17423450
2011,Food Manufacturing,Northwest Minnesota,totwageYear,220850162
2011,Agricultural Implement Manufacturing,Northwest Minnesota,totwageYear,7884648
2011,Farm Product Raw Material Merchant Wholesalers,Northwest Minnesota,totwageYear,64813879
2011,Farm Supplies Merchant Wholesalers,Northwest Minnesota,totwageYear,30810696
2010,"Total, All Industries",Northwest Minnesota,totwageYear,6549110454
2010,Crop Production,Northwest Minnesota,totwageYear,49720178
2010,Animal Production and Aquaculture,Northwest Minnesota,totwageYear,43050750
2010,Support Activities for Crop Production,Northwest Minnesota,totwageYear,16446019
2010,Food Manufacturing,Northwest Minnesota,totwageYear,206937183
2010,"Pesticide, Fertilizer, and Other Agricultural Chemical Manufacturing",Northwest Minnesota,totwageYear,1123993
2010,Agricultural Implement Manufacturing,Northwest Minnesota,totwageYear,7110622
2010,Farm Product Raw Material Merchant Wholesalers,Northwest Minnesota,totwageYear,61284734
2010,Farm Supplies Merchant Wholesalers,Northwest Minnesota,totwageYear,28813525
2009,"Total, All Industries",Northwest Minnesota,totwageYear,6427218261
2009,Crop Production,Northwest Minnesota,totwageYear,46043431
2009,Animal Production and Aquaculture,Northwest Minnesota,totwageYear,39598369
2009,Support Activities for Crop Production,Northwest Minnesota,totwageYear,14852405
2009,Support Activities for Animal Production,Northwest Minnesota,totwageYear,775737
2009,Food Manufacturing,Northwest Minnesota,totwageYear,198157505
2009,"Pesticide, Fertilizer, and Other Agricultural Chemical Manufacturing",Northwest Minnesota,totwageYear,2493323
2009,Agricultural Implement Manufacturing,Northwest Minnesota,totwageYear,6147147
2009,Farm Product Raw Material Merchant Wholesalers,Northwest Minnesota,totwageYear,56628417
2009,Farm Supplies Merchant Wholesalers,Northwest Minnesota,totwageYear,29521824
2008,"Total, All Industries",Northwest Minnesota,totwageYear,6551211790
2008,Crop Production,Northwest Minnesota,totwageYear,48158783
2008,Animal Production and Aquaculture,Northwest Minnesota,totwageYear,36535616
2008,Support Activities for Crop Production,Northwest Minnesota,totwageYear,15844245
2008,Support Activities for Animal Production,Northwest Minnesota,totwageYear,373988
2008,Food Manufacturing,Northwest Minnesota,totwageYear,182921071
2008,"Pesticide, Fertilizer, and Other Agricultural Chemical Manufacturing",Northwest Minnesota,totwageYear,2365435
2008,Agricultural Implement Manufacturing,Northwest Minnesota,totwageYear,6051061
2008,Farm Product Raw Material Merchant Wholesalers,Northwest Minnesota,totwageYear,53992299
2008,Farm Supplies Merchant Wholesalers,Northwest Minnesota,totwageYear,28276342
2007,"Total, All Industries",Northwest Minnesota,totwageYear,6264372422
2007,Crop Production,Northwest Minnesota,totwageYear,42151466
2007,Animal Production and Aquaculture,Northwest Minnesota,totwageYear,32902285
2007,Support Activities for Crop Production,Northwest Minnesota,totwageYear,13754770
2007,Support Activities for Animal Production,Northwest Minnesota,totwageYear,385204
2007,Food Manufacturing,Northwest Minnesota,totwageYear,171045260
2007,"Pesticide, Fertilizer, and Other Agricultural Chemical Manufacturing",Northwest Minnesota,totwageYear,1923768
2007,Agricultural Implement Manufacturing,Northwest Minnesota,totwageYear,8308405
2007,Farm Product Raw Material Merchant Wholesalers,Northwest Minnesota,totwageYear,45322496
2007,Farm Supplies Merchant Wholesalers,Northwest Minnesota,totwageYear,26401618
2006,"Total, All Industries",Northwest Minnesota,totwageYear,6051330645
2006,Crop Production,Northwest Minnesota,totwageYear,38936496
2006,Animal Production and Aquaculture,Northwest Minnesota,totwageYear,28395207
2006,Support Activities for Crop Production,Northwest Minnesota,totwageYear,11768604
2006,Support Activities for Animal Production,Northwest Minnesota,totwageYear,409583
2006,Food Manufacturing,Northwest Minnesota,totwageYear,157130305
2006,"Pesticide, Fertilizer, and Other Agricultural Chemical Manufacturing",Northwest Minnesota,totwageYear,1719979
2006,Agricultural Implement Manufacturing,Northwest Minnesota,totwageYear,8115959
2006,Farm Product Raw Material Merchant Wholesalers,Northwest Minnesota,totwageYear,44564132
2006,Farm Supplies Merchant Wholesalers,Northwest Minnesota,totwageYear,20819229
2005,"Total, All Industries",Northwest Minnesota,totwageYear,5803463359
2005,Crop Production,Northwest Minnesota,totwageYear,37720471
2005,Animal Production and Aquaculture,Northwest Minnesota,totwageYear,24502059
2005,Support Activities for Crop Production,Northwest Minnesota,totwageYear,10465404
2005,Support Activities for Animal Production,Northwest Minnesota,totwageYear,88585
2005,Food Manufacturing,Northwest Minnesota,totwageYear,151295255
2005,"Pesticide, Fertilizer, and Other Agricultural Chemical Manufacturing",Northwest Minnesota,totwageYear,2301398
2005,Agricultural Implement Manufacturing,Northwest Minnesota,totwageYear,7365979
2005,Farm Product Raw Material Merchant Wholesalers,Northwest Minnesota,totwageYear,37644893
2005,Farm Supplies Merchant Wholesalers,Northwest Minnesota,totwageYear,19414002
2004,"Total, All Industries",Northwest Minnesota,totwageYear,5726212446
2004,Crop Production,Northwest Minnesota,totwageYear,40116139
2004,Animal Production and Aquaculture,Northwest Minnesota,totwageYear,23863999
2004,Support Activities for Crop Production,Northwest Minnesota,totwageYear,10840233
2004,Food Manufacturing,Northwest Minnesota,totwageYear,164452738
2004,"Pesticide, Fertilizer, and Other Agricultural Chemical Manufacturing",Northwest Minnesota,totwageYear,2272818
2004,Agricultural Implement Manufacturing,Northwest Minnesota,totwageYear,7148053
2004,Farm Product Raw Material Merchant Wholesalers,Northwest Minnesota,totwageYear,35303764
2004,Farm Supplies Merchant Wholesalers,Northwest Minnesota,totwageYear,19666949
2003,"Total, All Industries",Northwest Minnesota,totwageYear,5452892269
2003,Crop Production,Northwest Minnesota,totwageYear,35453745
2003,Animal Production and Aquaculture,Northwest Minnesota,totwageYear,22288073
2003,Support Activities for Crop Production,Northwest Minnesota,totwageYear,9418716
2003,Food Manufacturing,Northwest Minnesota,totwageYear,162009636
2003,"Pesticide, Fertilizer, and Other Agricultural Chemical Manufacturing",Northwest Minnesota,totwageYear,1814621
2003,Agricultural Implement Manufacturing,Northwest Minnesota,totwageYear,6268830
2003,Farm Product Raw Material Merchant Wholesalers,Northwest Minnesota,totwageYear,31429637
2003,Farm Supplies Merchant Wholesalers,Northwest Minnesota,totwageYear,20921639
2002,"Total, All Industries",Northwest Minnesota,totwageYear,5255846912
2002,Crop Production,Northwest Minnesota,totwageYear,33790606
2002,Animal Production and Aquaculture,Northwest Minnesota,totwageYear,21855990
2002,Support Activities for Crop Production,Northwest Minnesota,totwageYear,7495470
2002,Food Manufacturing,Northwest Minnesota,totwageYear,158506370
2002,"Pesticide, Fertilizer, and Other Agricultural Chemical Manufacturing",Northwest Minnesota,totwageYear,1689390
2002,Agricultural Implement Manufacturing,Northwest Minnesota,totwageYear,6055691
2002,Farm Product Raw Material Merchant Wholesalers,Northwest Minnesota,totwageYear,29156029
2002,Farm Supplies Merchant Wholesalers,Northwest Minnesota,totwageYear,23783709
2001,"Total, All Industries",Northwest Minnesota,totwageYear,4996295498
2001,Crop Production,Northwest Minnesota,totwageYear,31611479
2001,Animal Production and Aquaculture,Northwest Minnesota,totwageYear,22139648
2001,Support Activities for Crop Production,Northwest Minnesota,totwageYear,7056139
2001,Food Manufacturing,Northwest Minnesota,totwageYear,155872759
2001,"Pesticide, Fertilizer, and Other Agricultural Chemical Manufacturing",Northwest Minnesota,totwageYear,1733249
2001,Agricultural Implement Manufacturing,Northwest Minnesota,totwageYear,7777753
2001,Farm Product Raw Material Merchant Wholesalers,Northwest Minnesota,totwageYear,28022887
2001,Farm Supplies Merchant Wholesalers,Northwest Minnesota,totwageYear,22714896
2018,"Total, All Industries",Seven County Mpls-St Paul,totwageYear,114039835209
2018,Crop Production,Seven County Mpls-St Paul,totwageYear,87109254
2018,Animal Production and Aquaculture,Seven County Mpls-St Paul,totwageYear,8467573
2018,Support Activities for Crop Production,Seven County Mpls-St Paul,totwageYear,5380393
2018,Support Activities for Animal Production,Seven County Mpls-St Paul,totwageYear,5798184
2018,Food Manufacturing,Seven County Mpls-St Paul,totwageYear,561400385
2018,"Pesticide, Fertilizer, and Other Agricultural Chemical Manufacturing",Seven County Mpls-St Paul,totwageYear,5486992
2018,Agricultural Implement Manufacturing,Seven County Mpls-St Paul,totwageYear,11972167
2018,Farm Product Raw Material Merchant Wholesalers,Seven County Mpls-St Paul,totwageYear,464336768
2018,Farm Supplies Merchant Wholesalers,Seven County Mpls-St Paul,totwageYear,201543643
2017,"Total, All Industries",Seven County Mpls-St Paul,totwageYear,109457867502
2017,Crop Production,Seven County Mpls-St Paul,totwageYear,84599555
2017,Animal Production and Aquaculture,Seven County Mpls-St Paul,totwageYear,8032783
2017,Support Activities for Crop Production,Seven County Mpls-St Paul,totwageYear,5914805
2017,Support Activities for Animal Production,Seven County Mpls-St Paul,totwageYear,5565903
2017,Food Manufacturing,Seven County Mpls-St Paul,totwageYear,543308119
2017,"Pesticide, Fertilizer, and Other Agricultural Chemical Manufacturing",Seven County Mpls-St Paul,totwageYear,5644212
2017,Farm Product Raw Material Merchant Wholesalers,Seven County Mpls-St Paul,totwageYear,507730106
2017,Farm Supplies Merchant Wholesalers,Seven County Mpls-St Paul,totwageYear,187655586
2016,"Total, All Industries",Seven County Mpls-St Paul,totwageYear,103885975160
2016,Crop Production,Seven County Mpls-St Paul,totwageYear,76647767
2016,Animal Production and Aquaculture,Seven County Mpls-St Paul,totwageYear,7491272
2016,Support Activities for Crop Production,Seven County Mpls-St Paul,totwageYear,5767323
2016,Support Activities for Animal Production,Seven County Mpls-St Paul,totwageYear,4993939
2016,Food Manufacturing,Seven County Mpls-St Paul,totwageYear,551230860
2016,"Pesticide, Fertilizer, and Other Agricultural Chemical Manufacturing",Seven County Mpls-St Paul,totwageYear,4829898
2016,Farm Product Raw Material Merchant Wholesalers,Seven County Mpls-St Paul,totwageYear,443549172
2016,Farm Supplies Merchant Wholesalers,Seven County Mpls-St Paul,totwageYear,167901610
2015,"Total, All Industries",Seven County Mpls-St Paul,totwageYear,101065439446
2015,Crop Production,Seven County Mpls-St Paul,totwageYear,70308517
2015,Animal Production and Aquaculture,Seven County Mpls-St Paul,totwageYear,7896087
2015,Support Activities for Crop Production,Seven County Mpls-St Paul,totwageYear,4192299
2015,Support Activities for Animal Production,Seven County Mpls-St Paul,totwageYear,4649261
2015,Food Manufacturing,Seven County Mpls-St Paul,totwageYear,535049426
2015,"Pesticide, Fertilizer, and Other Agricultural Chemical Manufacturing",Seven County Mpls-St Paul,totwageYear,4765829
2015,Farm Product Raw Material Merchant Wholesalers,Seven County Mpls-St Paul,totwageYear,479234495
2015,Farm Supplies Merchant Wholesalers,Seven County Mpls-St Paul,totwageYear,158934981
2014,"Total, All Industries",Seven County Mpls-St Paul,totwageYear,95598596411
2014,Crop Production,Seven County Mpls-St Paul,totwageYear,64467239
2014,Animal Production and Aquaculture,Seven County Mpls-St Paul,totwageYear,7696174
2014,Support Activities for Crop Production,Seven County Mpls-St Paul,totwageYear,4648251
2014,Support Activities for Animal Production,Seven County Mpls-St Paul,totwageYear,4840674
2014,Food Manufacturing,Seven County Mpls-St Paul,totwageYear,535224839
2014,"Pesticide, Fertilizer, and Other Agricultural Chemical Manufacturing",Seven County Mpls-St Paul,totwageYear,4672483
2014,Farm Product Raw Material Merchant Wholesalers,Seven County Mpls-St Paul,totwageYear,469690871
2014,Farm Supplies Merchant Wholesalers,Seven County Mpls-St Paul,totwageYear,159937378
2013,"Total, All Industries",Seven County Mpls-St Paul,totwageYear,91638755748
2013,Crop Production,Seven County Mpls-St Paul,totwageYear,66465398
2013,Animal Production and Aquaculture,Seven County Mpls-St Paul,totwageYear,6544693
2013,Support Activities for Crop Production,Seven County Mpls-St Paul,totwageYear,6486684
2013,Support Activities for Animal Production,Seven County Mpls-St Paul,totwageYear,5119081
2013,Food Manufacturing,Seven County Mpls-St Paul,totwageYear,507795096
2013,"Pesticide, Fertilizer, and Other Agricultural Chemical Manufacturing",Seven County Mpls-St Paul,totwageYear,4538189
2013,Farm Product Raw Material Merchant Wholesalers,Seven County Mpls-St Paul,totwageYear,531704775
2013,Farm Supplies Merchant Wholesalers,Seven County Mpls-St Paul,totwageYear,150702333
2012,"Total, All Industries",Seven County Mpls-St Paul,totwageYear,89014244781
2012,Crop Production,Seven County Mpls-St Paul,totwageYear,65600090
2012,Animal Production and Aquaculture,Seven County Mpls-St Paul,totwageYear,4850879
2012,Support Activities for Crop Production,Seven County Mpls-St Paul,totwageYear,10401486
2012,Support Activities for Animal Production,Seven County Mpls-St Paul,totwageYear,4482879
2012,Food Manufacturing,Seven County Mpls-St Paul,totwageYear,448377019
2012,"Pesticide, Fertilizer, and Other Agricultural Chemical Manufacturing",Seven County Mpls-St Paul,totwageYear,4403053
2012,Farm Product Raw Material Merchant Wholesalers,Seven County Mpls-St Paul,totwageYear,488326114
2012,Farm Supplies Merchant Wholesalers,Seven County Mpls-St Paul,totwageYear,133381195
2011,"Total, All Industries",Seven County Mpls-St Paul,totwageYear,85060252743
2011,Crop Production,Seven County Mpls-St Paul,totwageYear,60388633
2011,Animal Production and Aquaculture,Seven County Mpls-St Paul,totwageYear,4332797
2011,Support Activities for Crop Production,Seven County Mpls-St Paul,totwageYear,5036783
2011,Support Activities for Animal Production,Seven County Mpls-St Paul,totwageYear,4452267
2011,Food Manufacturing,Seven County Mpls-St Paul,totwageYear,434598581
2011,"Pesticide, Fertilizer, and Other Agricultural Chemical Manufacturing",Seven County Mpls-St Paul,totwageYear,3847820
2011,Agricultural Implement Manufacturing,Seven County Mpls-St Paul,totwageYear,10693333
2011,Farm Product Raw Material Merchant Wholesalers,Seven County Mpls-St Paul,totwageYear,532814519
2011,Farm Supplies Merchant Wholesalers,Seven County Mpls-St Paul,totwageYear,127827669
2010,"Total, All Industries",Seven County Mpls-St Paul,totwageYear,81509860905
2010,Crop Production,Seven County Mpls-St Paul,totwageYear,61080851
2010,Animal Production and Aquaculture,Seven County Mpls-St Paul,totwageYear,4024147
2010,Support Activities for Crop Production,Seven County Mpls-St Paul,totwageYear,998797
2010,Support Activities for Animal Production,Seven County Mpls-St Paul,totwageYear,4867842
2010,Food Manufacturing,Seven County Mpls-St Paul,totwageYear,452269177
2010,"Pesticide, Fertilizer, and Other Agricultural Chemical Manufacturing",Seven County Mpls-St Paul,totwageYear,3815962
2010,Farm Product Raw Material Merchant Wholesalers,Seven County Mpls-St Paul,totwageYear,428823422
2010,Farm Supplies Merchant Wholesalers,Seven County Mpls-St Paul,totwageYear,119867269
2009,"Total, All Industries",Seven County Mpls-St Paul,totwageYear,79224688986
2009,Crop Production,Seven County Mpls-St Paul,totwageYear,63364918
2009,Animal Production and Aquaculture,Seven County Mpls-St Paul,totwageYear,4156429
2009,Support Activities for Crop Production,Seven County Mpls-St Paul,totwageYear,939188
2009,Support Activities for Animal Production,Seven County Mpls-St Paul,totwageYear,5166325
2009,Food Manufacturing,Seven County Mpls-St Paul,totwageYear,422734620
2009,"Pesticide, Fertilizer, and Other Agricultural Chemical Manufacturing",Seven County Mpls-St Paul,totwageYear,3311260
2009,Agricultural Implement Manufacturing,Seven County Mpls-St Paul,totwageYear,9787330
2009,Farm Product Raw Material Merchant Wholesalers,Seven County Mpls-St Paul,totwageYear,415137210
2009,Farm Supplies Merchant Wholesalers,Seven County Mpls-St Paul,totwageYear,125168732
2008,"Total, All Industries",Seven County Mpls-St Paul,totwageYear,84473682409
2008,Crop Production,Seven County Mpls-St Paul,totwageYear,62984011
2008,Animal Production and Aquaculture,Seven County Mpls-St Paul,totwageYear,4995423
2008,Support Activities for Crop Production,Seven County Mpls-St Paul,totwageYear,3631420
2008,Support Activities for Animal Production,Seven County Mpls-St Paul,totwageYear,3616227
2008,Food Manufacturing,Seven County Mpls-St Paul,totwageYear,420821336
2008,"Pesticide, Fertilizer, and Other Agricultural Chemical Manufacturing",Seven County Mpls-St Paul,totwageYear,3925278
2008,Agricultural Implement Manufacturing,Seven County Mpls-St Paul,totwageYear,11200064
2008,Farm Product Raw Material Merchant Wholesalers,Seven County Mpls-St Paul,totwageYear,364156916
2008,Farm Supplies Merchant Wholesalers,Seven County Mpls-St Paul,totwageYear,129489217
2007,"Total, All Industries",Seven County Mpls-St Paul,totwageYear,82491586289
2007,Crop Production,Seven County Mpls-St Paul,totwageYear,69151901
2007,Animal Production and Aquaculture,Seven County Mpls-St Paul,totwageYear,4225742
2007,Support Activities for Crop Production,Seven County Mpls-St Paul,totwageYear,3246945
2007,Support Activities for Animal Production,Seven County Mpls-St Paul,totwageYear,3732733
2007,Food Manufacturing,Seven County Mpls-St Paul,totwageYear,457372647
2007,"Pesticide, Fertilizer, and Other Agricultural Chemical Manufacturing",Seven County Mpls-St Paul,totwageYear,4070768
2007,Agricultural Implement Manufacturing,Seven County Mpls-St Paul,totwageYear,119849875
2007,Farm Product Raw Material Merchant Wholesalers,Seven County Mpls-St Paul,totwageYear,256041467
2007,Farm Supplies Merchant Wholesalers,Seven County Mpls-St Paul,totwageYear,125138097
2006,"Total, All Industries",Seven County Mpls-St Paul,totwageYear,77690747983
2006,Crop Production,Seven County Mpls-St Paul,totwageYear,67824565
2006,Animal Production and Aquaculture,Seven County Mpls-St Paul,totwageYear,1011267.3333333334
2006,Support Activities for Crop Production,Seven County Mpls-St Paul,totwageYear,3257562
2006,Support Activities for Animal Production,Seven County Mpls-St Paul,totwageYear,5846105
2006,Food Manufacturing,Seven County Mpls-St Paul,totwageYear,438895369
2006,"Pesticide, Fertilizer, and Other Agricultural Chemical Manufacturing",Seven County Mpls-St Paul,totwageYear,3436840
2006,Agricultural Implement Manufacturing,Seven County Mpls-St Paul,totwageYear,32023837.5
2006,Farm Product Raw Material Merchant Wholesalers,Seven County Mpls-St Paul,totwageYear,250168509
2006,Farm Supplies Merchant Wholesalers,Seven County Mpls-St Paul,totwageYear,120890777
2005,"Total, All Industries",Seven County Mpls-St Paul,totwageYear,74379206682
2005,Crop Production,Seven County Mpls-St Paul,totwageYear,64227113
2005,Animal Production and Aquaculture,Seven County Mpls-St Paul,totwageYear,3525952
2005,Support Activities for Crop Production,Seven County Mpls-St Paul,totwageYear,861662
2005,Support Activities for Animal Production,Seven County Mpls-St Paul,totwageYear,3721884
2005,Food Manufacturing,Seven County Mpls-St Paul,totwageYear,438463693
2005,Farm Product Raw Material Merchant Wholesalers,Seven County Mpls-St Paul,totwageYear,230630963
2005,Farm Supplies Merchant Wholesalers,Seven County Mpls-St Paul,totwageYear,107110614
2004,"Total, All Industries",Seven County Mpls-St Paul,totwageYear,72574210852
2004,Crop Production,Seven County Mpls-St Paul,totwageYear,66729148
2004,Animal Production and Aquaculture,Seven County Mpls-St Paul,totwageYear,3044858
2004,Support Activities for Animal Production,Seven County Mpls-St Paul,totwageYear,3790141
2004,Food Manufacturing,Seven County Mpls-St Paul,totwageYear,451486285
2004,Farm Product Raw Material Merchant Wholesalers,Seven County Mpls-St Paul,totwageYear,174961055
2004,Farm Supplies Merchant Wholesalers,Seven County Mpls-St Paul,totwageYear,118679666
2003,"Total, All Industries",Seven County Mpls-St Paul,totwageYear,68597513367
2003,Crop Production,Seven County Mpls-St Paul,totwageYear,57277740
2003,Animal Production and Aquaculture,Seven County Mpls-St Paul,totwageYear,3229703
2003,Support Activities for Animal Production,Seven County Mpls-St Paul,totwageYear,3555082
2003,Food Manufacturing,Seven County Mpls-St Paul,totwageYear,517525329
2003,"Pesticide, Fertilizer, and Other Agricultural Chemical Manufacturing",Seven County Mpls-St Paul,totwageYear,910029
2003,Farm Product Raw Material Merchant Wholesalers,Seven County Mpls-St Paul,totwageYear,151418740
2003,Farm Supplies Merchant Wholesalers,Seven County Mpls-St Paul,totwageYear,82681713
2002,"Total, All Industries",Seven County Mpls-St Paul,totwageYear,66784808586
2002,Crop Production,Seven County Mpls-St Paul,totwageYear,55131632
2002,Animal Production and Aquaculture,Seven County Mpls-St Paul,totwageYear,919828.5
2002,Support Activities for Animal Production,Seven County Mpls-St Paul,totwageYear,4128283
2002,Food Manufacturing,Seven County Mpls-St Paul,totwageYear,500971872
2002,"Pesticide, Fertilizer, and Other Agricultural Chemical Manufacturing",Seven County Mpls-St Paul,totwageYear,568841
2002,Farm Product Raw Material Merchant Wholesalers,Seven County Mpls-St Paul,totwageYear,132199645
2002,Farm Supplies Merchant Wholesalers,Seven County Mpls-St Paul,totwageYear,76724423
2001,"Total, All Industries",Seven County Mpls-St Paul,totwageYear,66767511603
2001,Crop Production,Seven County Mpls-St Paul,totwageYear,52935238
2001,Animal Production and Aquaculture,Seven County Mpls-St Paul,totwageYear,731888
2001,Support Activities for Crop Production,Seven County Mpls-St Paul,totwageYear,613769
2001,Support Activities for Animal Production,Seven County Mpls-St Paul,totwageYear,898805.3333333334
2001,Food Manufacturing,Seven County Mpls-St Paul,totwageYear,483175296
2001,"Pesticide, Fertilizer, and Other Agricultural Chemical Manufacturing",Seven County Mpls-St Paul,totwageYear,2588622
2001,Agricultural Implement Manufacturing,Seven County Mpls-St Paul,totwageYear,88608766
2001,Farm Product Raw Material Merchant Wholesalers,Seven County Mpls-St Paul,totwageYear,104748103
2001,Farm Supplies Merchant Wholesalers,Seven County Mpls-St Paul,totwageYear,62103056
2018,"Total, All Industries",Southeast Minnesota,totwageYear,12785765212
2018,Crop Production,Southeast Minnesota,totwageYear,23522263
2018,Animal Production and Aquaculture,Southeast Minnesota,totwageYear,71708312
2018,Support Activities for Crop Production,Southeast Minnesota,totwageYear,5153038
2018,Support Activities for Animal Production,Southeast Minnesota,totwageYear,2852707
2018,Food Manufacturing,Southeast Minnesota,totwageYear,576863722
2018,Agricultural Implement Manufacturing,Southeast Minnesota,totwageYear,3360084
2018,Farm Product Raw Material Merchant Wholesalers,Southeast Minnesota,totwageYear,31859524
2018,Farm Supplies Merchant Wholesalers,Southeast Minnesota,totwageYear,45691858
2017,"Total, All Industries",Southeast Minnesota,totwageYear,12084320710
2017,Crop Production,Southeast Minnesota,totwageYear,22241556
2017,Animal Production and Aquaculture,Southeast Minnesota,totwageYear,71240178
2017,Support Activities for Crop Production,Southeast Minnesota,totwageYear,6277819
2017,Support Activities for Animal Production,Southeast Minnesota,totwageYear,2892570
2017,Food Manufacturing,Southeast Minnesota,totwageYear,565587315
2017,Agricultural Implement Manufacturing,Southeast Minnesota,totwageYear,3220961
2017,Farm Product Raw Material Merchant Wholesalers,Southeast Minnesota,totwageYear,29187944
2017,Farm Supplies Merchant Wholesalers,Southeast Minnesota,totwageYear,43887756
2016,"Total, All Industries",Southeast Minnesota,totwageYear,11568166511
2016,Crop Production,Southeast Minnesota,totwageYear,22370754
2016,Animal Production and Aquaculture,Southeast Minnesota,totwageYear,70446815
2016,Support Activities for Crop Production,Southeast Minnesota,totwageYear,6432231
2016,Support Activities for Animal Production,Southeast Minnesota,totwageYear,2798437
2016,Food Manufacturing,Southeast Minnesota,totwageYear,539280532
2016,Agricultural Implement Manufacturing,Southeast Minnesota,totwageYear,2661334
2016,Farm Product Raw Material Merchant Wholesalers,Southeast Minnesota,totwageYear,28842624
2016,Farm Supplies Merchant Wholesalers,Southeast Minnesota,totwageYear,39943426
2015,"Total, All Industries",Southeast Minnesota,totwageYear,11164582783
2015,Crop Production,Southeast Minnesota,totwageYear,17914930
2015,Animal Production and Aquaculture,Southeast Minnesota,totwageYear,68557910
2015,Support Activities for Crop Production,Southeast Minnesota,totwageYear,6299326
2015,Support Activities for Animal Production,Southeast Minnesota,totwageYear,2587121
2015,Food Manufacturing,Southeast Minnesota,totwageYear,512410502
2015,Agricultural Implement Manufacturing,Southeast Minnesota,totwageYear,2210638
2015,Farm Product Raw Material Merchant Wholesalers,Southeast Minnesota,totwageYear,29090556
2015,Farm Supplies Merchant Wholesalers,Southeast Minnesota,totwageYear,35900933
2014,"Total, All Industries",Southeast Minnesota,totwageYear,10598867440
2014,Crop Production,Southeast Minnesota,totwageYear,16257793
2014,Animal Production and Aquaculture,Southeast Minnesota,totwageYear,63130473
2014,Support Activities for Crop Production,Southeast Minnesota,totwageYear,4574572
2014,Support Activities for Animal Production,Southeast Minnesota,totwageYear,614383
2014,Food Manufacturing,Southeast Minnesota,totwageYear,475223035
2014,Agricultural Implement Manufacturing,Southeast Minnesota,totwageYear,2245263
2014,Farm Product Raw Material Merchant Wholesalers,Southeast Minnesota,totwageYear,28476009
2014,Farm Supplies Merchant Wholesalers,Southeast Minnesota,totwageYear,32108345
2013,"Total, All Industries",Southeast Minnesota,totwageYear,10318075744
2013,Crop Production,Southeast Minnesota,totwageYear,18887615
2013,Animal Production and Aquaculture,Southeast Minnesota,totwageYear,58984102
2013,Support Activities for Crop Production,Southeast Minnesota,totwageYear,1082331.6666666667
2013,Support Activities for Animal Production,Southeast Minnesota,totwageYear,474538
2013,Food Manufacturing,Southeast Minnesota,totwageYear,470361396
2013,Agricultural Implement Manufacturing,Southeast Minnesota,totwageYear,1631736
2013,Farm Product Raw Material Merchant Wholesalers,Southeast Minnesota,totwageYear,28156012
2013,Farm Supplies Merchant Wholesalers,Southeast Minnesota,totwageYear,34269753
2012,"Total, All Industries",Southeast Minnesota,totwageYear,10030549750
2012,Crop Production,Southeast Minnesota,totwageYear,18093373
2012,Animal Production and Aquaculture,Southeast Minnesota,totwageYear,53524891
2012,Support Activities for Crop Production,Southeast Minnesota,totwageYear,3659283
2012,Food Manufacturing,Southeast Minnesota,totwageYear,454491161
2012,Agricultural Implement Manufacturing,Southeast Minnesota,totwageYear,2215974
2012,Farm Product Raw Material Merchant Wholesalers,Southeast Minnesota,totwageYear,25562983
2012,Farm Supplies Merchant Wholesalers,Southeast Minnesota,totwageYear,33315747
2011,"Total, All Industries",Southeast Minnesota,totwageYear,9586008311
2011,Crop Production,Southeast Minnesota,totwageYear,18067366
2011,Animal Production and Aquaculture,Southeast Minnesota,totwageYear,48465614
2011,Support Activities for Crop Production,Southeast Minnesota,totwageYear,962377
2011,Support Activities for Animal Production,Southeast Minnesota,totwageYear,479028
2011,Food Manufacturing,Southeast Minnesota,totwageYear,433889270
2011,Agricultural Implement Manufacturing,Southeast Minnesota,totwageYear,2186568
2011,Farm Product Raw Material Merchant Wholesalers,Southeast Minnesota,totwageYear,30268622
2011,Farm Supplies Merchant Wholesalers,Southeast Minnesota,totwageYear,30120287
2010,"Total, All Industries",Southeast Minnesota,totwageYear,9603872602
2010,Crop Production,Southeast Minnesota,totwageYear,16753403
2010,Animal Production and Aquaculture,Southeast Minnesota,totwageYear,43833286
2010,Support Activities for Crop Production,Southeast Minnesota,totwageYear,779097
2010,Support Activities for Animal Production,Southeast Minnesota,totwageYear,477539
2010,Food Manufacturing,Southeast Minnesota,totwageYear,420952457
2010,Agricultural Implement Manufacturing,Southeast Minnesota,totwageYear,1860372
2010,Farm Product Raw Material Merchant Wholesalers,Southeast Minnesota,totwageYear,28682781
2010,Farm Supplies Merchant Wholesalers,Southeast Minnesota,totwageYear,28273118
2009,"Total, All Industries",Southeast Minnesota,totwageYear,9104039845
2009,Crop Production,Southeast Minnesota,totwageYear,15713948
2009,Animal Production and Aquaculture,Southeast Minnesota,totwageYear,42586537
2009,Support Activities for Crop Production,Southeast Minnesota,totwageYear,828237
2009,Support Activities for Animal Production,Southeast Minnesota,totwageYear,628340.3333333334
2009,Food Manufacturing,Southeast Minnesota,totwageYear,411894881
2009,Agricultural Implement Manufacturing,Southeast Minnesota,totwageYear,1819375
2009,Farm Product Raw Material Merchant Wholesalers,Southeast Minnesota,totwageYear,28055705
2009,Farm Supplies Merchant Wholesalers,Southeast Minnesota,totwageYear,29315505
2008,"Total, All Industries",Southeast Minnesota,totwageYear,9266272372
2008,Crop Production,Southeast Minnesota,totwageYear,13898076
2008,Animal Production and Aquaculture,Southeast Minnesota,totwageYear,42138962
2008,Support Activities for Animal Production,Southeast Minnesota,totwageYear,2849791
2008,Food Manufacturing,Southeast Minnesota,totwageYear,402709701
2008,Agricultural Implement Manufacturing,Southeast Minnesota,totwageYear,2003939
2008,Farm Product Raw Material Merchant Wholesalers,Southeast Minnesota,totwageYear,27478979
2008,Farm Supplies Merchant Wholesalers,Southeast Minnesota,totwageYear,28114971
2007,"Total, All Industries",Southeast Minnesota,totwageYear,8920526611
2007,Crop Production,Southeast Minnesota,totwageYear,12474872
2007,Animal Production and Aquaculture,Southeast Minnesota,totwageYear,39751051
2007,Support Activities for Animal Production,Southeast Minnesota,totwageYear,2104462
2007,Food Manufacturing,Southeast Minnesota,totwageYear,407600421
2007,Agricultural Implement Manufacturing,Southeast Minnesota,totwageYear,1589334
2007,Farm Product Raw Material Merchant Wholesalers,Southeast Minnesota,totwageYear,27646027
2007,Farm Supplies Merchant Wholesalers,Southeast Minnesota,totwageYear,24306240
2006,"Total, All Industries",Southeast Minnesota,totwageYear,8568454139
2006,Crop Production,Southeast Minnesota,totwageYear,12271148
2006,Animal Production and Aquaculture,Southeast Minnesota,totwageYear,36527273
2006,Support Activities for Crop Production,Southeast Minnesota,totwageYear,191415
2006,Support Activities for Animal Production,Southeast Minnesota,totwageYear,1994402
2006,Food Manufacturing,Southeast Minnesota,totwageYear,405591612
2006,Agricultural Implement Manufacturing,Southeast Minnesota,totwageYear,1505017
2006,Farm Product Raw Material Merchant Wholesalers,Southeast Minnesota,totwageYear,24369967
2006,Farm Supplies Merchant Wholesalers,Southeast Minnesota,totwageYear,22556831
2005,"Total, All Industries",Southeast Minnesota,totwageYear,8114744584
2005,Crop Production,Southeast Minnesota,totwageYear,10427582
2005,Animal Production and Aquaculture,Southeast Minnesota,totwageYear,33189406
2005,Support Activities for Crop Production,Southeast Minnesota,totwageYear,1046757
2005,Support Activities for Animal Production,Southeast Minnesota,totwageYear,1907938
2005,Food Manufacturing,Southeast Minnesota,totwageYear,418397029
2005,Agricultural Implement Manufacturing,Southeast Minnesota,totwageYear,1563900
2005,Farm Product Raw Material Merchant Wholesalers,Southeast Minnesota,totwageYear,20224272
2005,Farm Supplies Merchant Wholesalers,Southeast Minnesota,totwageYear,22705230
2004,"Total, All Industries",Southeast Minnesota,totwageYear,7920183796
2004,Crop Production,Southeast Minnesota,totwageYear,10527174
2004,Animal Production and Aquaculture,Southeast Minnesota,totwageYear,33870550
2004,Support Activities for Crop Production,Southeast Minnesota,totwageYear,900250
2004,Support Activities for Animal Production,Southeast Minnesota,totwageYear,1108477
2004,Food Manufacturing,Southeast Minnesota,totwageYear,422017152
2004,Agricultural Implement Manufacturing,Southeast Minnesota,totwageYear,1729430
2004,Farm Product Raw Material Merchant Wholesalers,Southeast Minnesota,totwageYear,23279859
2004,Farm Supplies Merchant Wholesalers,Southeast Minnesota,totwageYear,22511190
2003,"Total, All Industries",Southeast Minnesota,totwageYear,7536932819
2003,Crop Production,Southeast Minnesota,totwageYear,10693171
2003,Animal Production and Aquaculture,Southeast Minnesota,totwageYear,31909304
2003,Support Activities for Crop Production,Southeast Minnesota,totwageYear,1062188
2003,Support Activities for Animal Production,Southeast Minnesota,totwageYear,943600
2003,Food Manufacturing,Southeast Minnesota,totwageYear,415069011
2003,Agricultural Implement Manufacturing,Southeast Minnesota,totwageYear,1542193
2003,Farm Product Raw Material Merchant Wholesalers,Southeast Minnesota,totwageYear,23270641
2003,Farm Supplies Merchant Wholesalers,Southeast Minnesota,totwageYear,20371228
2002,"Total, All Industries",Southeast Minnesota,totwageYear,7314391530
2002,Crop Production,Southeast Minnesota,totwageYear,10501023
2002,Animal Production and Aquaculture,Southeast Minnesota,totwageYear,30472862
2002,Support Activities for Animal Production,Southeast Minnesota,totwageYear,998396
2002,Food Manufacturing,Southeast Minnesota,totwageYear,398768447
2002,Agricultural Implement Manufacturing,Southeast Minnesota,totwageYear,1467911
2002,Farm Product Raw Material Merchant Wholesalers,Southeast Minnesota,totwageYear,22826793
2002,Farm Supplies Merchant Wholesalers,Southeast Minnesota,totwageYear,19914768
2001,"Total, All Industries",Southeast Minnesota,totwageYear,7051762968
2001,Crop Production,Southeast Minnesota,totwageYear,9333329
2001,Animal Production and Aquaculture,Southeast Minnesota,totwageYear,28013572
2001,Support Activities for Crop Production,Southeast Minnesota,totwageYear,324725.6666666667
2001,Support Activities for Animal Production,Southeast Minnesota,totwageYear,204337
2001,Food Manufacturing,Southeast Minnesota,totwageYear,379853241
2001,Agricultural Implement Manufacturing,Southeast Minnesota,totwageYear,2695764
2001,Farm Product Raw Material Merchant Wholesalers,Southeast Minnesota,totwageYear,22577675
2001,Farm Supplies Merchant Wholesalers,Southeast Minnesota,totwageYear,18185964
2018,"Total, All Industries",Southwest Minnesota,totwageYear,7395247152
2018,Crop Production,Southwest Minnesota,totwageYear,32531727
2018,Animal Production and Aquaculture,Southwest Minnesota,totwageYear,167292455
2018,Support Activities for Crop Production,Southwest Minnesota,totwageYear,17849762
2018,Support Activities for Animal Production,Southwest Minnesota,totwageYear,10907334
2018,Food Manufacturing,Southwest Minnesota,totwageYear,573478909
2018,"Pesticide, Fertilizer, and Other Agricultural Chemical Manufacturing",Southwest Minnesota,totwageYear,2089346
2018,Farm Product Raw Material Merchant Wholesalers,Southwest Minnesota,totwageYear,100143623
2018,Farm Supplies Merchant Wholesalers,Southwest Minnesota,totwageYear,102621751
2017,"Total, All Industries",Southwest Minnesota,totwageYear,7187135436
2017,Crop Production,Southwest Minnesota,totwageYear,31236015
2017,Animal Production and Aquaculture,Southwest Minnesota,totwageYear,181837132
2017,Support Activities for Crop Production,Southwest Minnesota,totwageYear,19047311
2017,Support Activities for Animal Production,Southwest Minnesota,totwageYear,11025418
2017,Food Manufacturing,Southwest Minnesota,totwageYear,571577800
2017,"Pesticide, Fertilizer, and Other Agricultural Chemical Manufacturing",Southwest Minnesota,totwageYear,1686236
2017,Farm Product Raw Material Merchant Wholesalers,Southwest Minnesota,totwageYear,98535462
2017,Farm Supplies Merchant Wholesalers,Southwest Minnesota,totwageYear,95849728
2016,"Total, All Industries",Southwest Minnesota,totwageYear,6882834811
2016,Crop Production,Southwest Minnesota,totwageYear,28113993
2016,Animal Production and Aquaculture,Southwest Minnesota,totwageYear,161884456
2016,Support Activities for Crop Production,Southwest Minnesota,totwageYear,16978882
2016,Support Activities for Animal Production,Southwest Minnesota,totwageYear,2734431.5
2016,Food Manufacturing,Southwest Minnesota,totwageYear,515807028
2016,"Pesticide, Fertilizer, and Other Agricultural Chemical Manufacturing",Southwest Minnesota,totwageYear,356449
2016,Farm Product Raw Material Merchant Wholesalers,Southwest Minnesota,totwageYear,101569975
2016,Farm Supplies Merchant Wholesalers,Southwest Minnesota,totwageYear,85580289
2015,"Total, All Industries",Southwest Minnesota,totwageYear,6712923151
2015,Crop Production,Southwest Minnesota,totwageYear,29740093
2015,Animal Production and Aquaculture,Southwest Minnesota,totwageYear,151881963
2015,Support Activities for Crop Production,Southwest Minnesota,totwageYear,15789905
2015,Support Activities for Animal Production,Southwest Minnesota,totwageYear,1828572
2015,Food Manufacturing,Southwest Minnesota,totwageYear,493663440
2015,Agricultural Implement Manufacturing,Southwest Minnesota,totwageYear,28402821
2015,Farm Product Raw Material Merchant Wholesalers,Southwest Minnesota,totwageYear,104465819
2015,Farm Supplies Merchant Wholesalers,Southwest Minnesota,totwageYear,76990746
2014,"Total, All Industries",Southwest Minnesota,totwageYear,6457933616
2014,Crop Production,Southwest Minnesota,totwageYear,25605287
2014,Animal Production and Aquaculture,Southwest Minnesota,totwageYear,138269357
2014,Support Activities for Crop Production,Southwest Minnesota,totwageYear,14988825
2014,Support Activities for Animal Production,Southwest Minnesota,totwageYear,1792394.5
2014,Food Manufacturing,Southwest Minnesota,totwageYear,446746643
2014,Farm Product Raw Material Merchant Wholesalers,Southwest Minnesota,totwageYear,99648614
2014,Farm Supplies Merchant Wholesalers,Southwest Minnesota,totwageYear,73284004
2013,"Total, All Industries",Southwest Minnesota,totwageYear,6215873470
2013,Crop Production,Southwest Minnesota,totwageYear,21692592
2013,Animal Production and Aquaculture,Southwest Minnesota,totwageYear,123430535
2013,Support Activities for Crop Production,Southwest Minnesota,totwageYear,18467335
2013,Food Manufacturing,Southwest Minnesota,totwageYear,439021458
2013,Farm Product Raw Material Merchant Wholesalers,Southwest Minnesota,totwageYear,174316621
2013,Farm Supplies Merchant Wholesalers,Southwest Minnesota,totwageYear,77914514
2012,"Total, All Industries",Southwest Minnesota,totwageYear,5998637409
2012,Crop Production,Southwest Minnesota,totwageYear,19346666
2012,Animal Production and Aquaculture,Southwest Minnesota,totwageYear,113464643
2012,Support Activities for Crop Production,Southwest Minnesota,totwageYear,21143425
2012,Support Activities for Animal Production,Southwest Minnesota,totwageYear,1564105
2012,Food Manufacturing,Southwest Minnesota,totwageYear,428913567
2012,Farm Product Raw Material Merchant Wholesalers,Southwest Minnesota,totwageYear,93030248
2012,Farm Supplies Merchant Wholesalers,Southwest Minnesota,totwageYear,75189957
2011,"Total, All Industries",Southwest Minnesota,totwageYear,5750188383
2011,Crop Production,Southwest Minnesota,totwageYear,15054711
2011,Animal Production and Aquaculture,Southwest Minnesota,totwageYear,100014127
2011,Support Activities for Crop Production,Southwest Minnesota,totwageYear,19688370
2011,Food Manufacturing,Southwest Minnesota,totwageYear,423349499
2011,Farm Product Raw Material Merchant Wholesalers,Southwest Minnesota,totwageYear,92020841
2011,Farm Supplies Merchant Wholesalers,Southwest Minnesota,totwageYear,71009963
2010,"Total, All Industries",Southwest Minnesota,totwageYear,5564632862
2010,Crop Production,Southwest Minnesota,totwageYear,12735551
2010,Animal Production and Aquaculture,Southwest Minnesota,totwageYear,100098220
2010,Support Activities for Crop Production,Southwest Minnesota,totwageYear,17614742
2010,Food Manufacturing,Southwest Minnesota,totwageYear,408015387
2010,"Pesticide, Fertilizer, and Other Agricultural Chemical Manufacturing",Southwest Minnesota,totwageYear,99790
2010,Farm Product Raw Material Merchant Wholesalers,Southwest Minnesota,totwageYear,88714863
2010,Farm Supplies Merchant Wholesalers,Southwest Minnesota,totwageYear,90398836
2009,"Total, All Industries",Southwest Minnesota,totwageYear,5458067945
2009,Crop Production,Southwest Minnesota,totwageYear,11713733
2009,Animal Production and Aquaculture,Southwest Minnesota,totwageYear,102554406
2009,Support Activities for Crop Production,Southwest Minnesota,totwageYear,16789767
2009,Food Manufacturing,Southwest Minnesota,totwageYear,388256251
2009,"Pesticide, Fertilizer, and Other Agricultural Chemical Manufacturing",Southwest Minnesota,totwageYear,214622
2009,Farm Product Raw Material Merchant Wholesalers,Southwest Minnesota,totwageYear,82222927
2009,Farm Supplies Merchant Wholesalers,Southwest Minnesota,totwageYear,69569614
2008,"Total, All Industries",Southwest Minnesota,totwageYear,5598113047
2008,Crop Production,Southwest Minnesota,totwageYear,11444938
2008,Animal Production and Aquaculture,Southwest Minnesota,totwageYear,95829328
2008,Support Activities for Crop Production,Southwest Minnesota,totwageYear,13796793
2008,Food Manufacturing,Southwest Minnesota,totwageYear,367480790
2008,"Pesticide, Fertilizer, and Other Agricultural Chemical Manufacturing",Southwest Minnesota,totwageYear,264061.5
2008,Farm Product Raw Material Merchant Wholesalers,Southwest Minnesota,totwageYear,76919659
2008,Farm Supplies Merchant Wholesalers,Southwest Minnesota,totwageYear,74585538
2007,"Total, All Industries",Southwest Minnesota,totwageYear,5348227884
2007,Crop Production,Southwest Minnesota,totwageYear,9952578
2007,Animal Production and Aquaculture,Southwest Minnesota,totwageYear,91629807
2007,Support Activities for Crop Production,Southwest Minnesota,totwageYear,11321709
2007,Food Manufacturing,Southwest Minnesota,totwageYear,344933240
2007,Farm Product Raw Material Merchant Wholesalers,Southwest Minnesota,totwageYear,69315085
2007,Farm Supplies Merchant Wholesalers,Southwest Minnesota,totwageYear,61079839
2006,"Total, All Industries",Southwest Minnesota,totwageYear,5203936206
2006,Crop Production,Southwest Minnesota,totwageYear,9234530
2006,Animal Production and Aquaculture,Southwest Minnesota,totwageYear,83434061
2006,Support Activities for Crop Production,Southwest Minnesota,totwageYear,9887376
2006,Food Manufacturing,Southwest Minnesota,totwageYear,335767457
2006,Farm Product Raw Material Merchant Wholesalers,Southwest Minnesota,totwageYear,63976431
2006,Farm Supplies Merchant Wholesalers,Southwest Minnesota,totwageYear,54578558
2005,"Total, All Industries",Southwest Minnesota,totwageYear,4928352268
2005,Crop Production,Southwest Minnesota,totwageYear,8264372
2005,Animal Production and Aquaculture,Southwest Minnesota,totwageYear,80657372
2005,Support Activities for Crop Production,Southwest Minnesota,totwageYear,7734698
2005,Support Activities for Animal Production,Southwest Minnesota,totwageYear,576109
2005,Food Manufacturing,Southwest Minnesota,totwageYear,338348685
2005,"Pesticide, Fertilizer, and Other Agricultural Chemical Manufacturing",Southwest Minnesota,totwageYear,304407
2005,Farm Product Raw Material Merchant Wholesalers,Southwest Minnesota,totwageYear,60640278
2005,Farm Supplies Merchant Wholesalers,Southwest Minnesota,totwageYear,54855385
2004,"Total, All Industries",Southwest Minnesota,totwageYear,4797101744
2004,Crop Production,Southwest Minnesota,totwageYear,8513653
2004,Animal Production and Aquaculture,Southwest Minnesota,totwageYear,75519379
2004,Support Activities for Crop Production,Southwest Minnesota,totwageYear,7408334
2004,Support Activities for Animal Production,Southwest Minnesota,totwageYear,2595108
2004,Food Manufacturing,Southwest Minnesota,totwageYear,331223925
2004,"Pesticide, Fertilizer, and Other Agricultural Chemical Manufacturing",Southwest Minnesota,totwageYear,255037
2004,Farm Product Raw Material Merchant Wholesalers,Southwest Minnesota,totwageYear,59303193
2004,Farm Supplies Merchant Wholesalers,Southwest Minnesota,totwageYear,53961747
2003,"Total, All Industries",Southwest Minnesota,totwageYear,4591449549
2003,Crop Production,Southwest Minnesota,totwageYear,8168576
2003,Animal Production and Aquaculture,Southwest Minnesota,totwageYear,67883733
2003,Support Activities for Crop Production,Southwest Minnesota,totwageYear,6415889
2003,Support Activities for Animal Production,Southwest Minnesota,totwageYear,2826457
2003,Food Manufacturing,Southwest Minnesota,totwageYear,323301634
2003,Farm Product Raw Material Merchant Wholesalers,Southwest Minnesota,totwageYear,54980823
2003,Farm Supplies Merchant Wholesalers,Southwest Minnesota,totwageYear,67688294
2002,"Total, All Industries",Southwest Minnesota,totwageYear,4479445828
2002,Crop Production,Southwest Minnesota,totwageYear,7915214
2002,Animal Production and Aquaculture,Southwest Minnesota,totwageYear,64553406
2002,Support Activities for Crop Production,Southwest Minnesota,totwageYear,5984557
2002,Support Activities for Animal Production,Southwest Minnesota,totwageYear,2617651
2002,Food Manufacturing,Southwest Minnesota,totwageYear,392886167
2002,Farm Product Raw Material Merchant Wholesalers,Southwest Minnesota,totwageYear,51734428
2002,Farm Supplies Merchant Wholesalers,Southwest Minnesota,totwageYear,64310043
2001,"Total, All Industries",Southwest Minnesota,totwageYear,4332400061
2001,Crop Production,Southwest Minnesota,totwageYear,8556861
2001,Animal Production and Aquaculture,Southwest Minnesota,totwageYear,60538521
2001,Support Activities for Crop Production,Southwest Minnesota,totwageYear,6720623
2001,Support Activities for Animal Production,Southwest Minnesota,totwageYear,2320208
2001,Food Manufacturing,Southwest Minnesota,totwageYear,366364326
2001,Farm Product Raw Material Merchant Wholesalers,Southwest Minnesota,totwageYear,51613648
2001,Farm Supplies Merchant Wholesalers,Southwest Minnesota,totwageYear,58298888
